title,genre,decade,description
The Space Between,Drama,2010s,A young man travels across the galaxy to find love and belonging.
Laugh Out Loud,Comedy,2000s,A group of friends navigate life with endless laughter and misadventure.
Battlefield Zero,Action,1990s,A retired soldier returns to face a new enemy in a dystopian world.
Haunted Memories,Horror,1980s,A family is terrorized by mysterious spirits haunting their new home.
Neon Horizon,Sci-Fi,2010s,A hacker discovers a secret that could change the fate of humanity.
Summer of Dreams,Romance,1990s,Two teenagers fall in love over a transformative summer vacation.
The Last Duel,Action,2000s,Two warriors must fight for honor and redemption in ancient lands.
Beyond the Mist,Fantasy,1970s,A lost prince must journey through magical realms to reclaim his throne.
Echoes of Silence,Drama,1980s,A woman revisits her hometown and confronts buried secrets.
Cybernetic Dawn,Sci-Fi,2020s,Artificial beings rise against their creators in a digital uprising.
Broken Wings,Drama,2000s,A former pilot struggles with PTSD and family reconciliation.
Crimson Shadows,Horror,1990s,A small town hides horrifying secrets behind its perfect facade.
Love and Stardust,Romance,2010s,An astronomer finds love while chasing stars across the world.
Blitz Run,Action,1980s,A rogue agent must thwart a global threat in a race against time.
Mind’s Eye,Thriller,1970s,A detective with psychic visions hunts a serial killer.
Twilight Siege,Fantasy,2000s,"An ancient curse resurfaces, threatening to engulf a peaceful kingdom."
Neon Skies,Sci-Fi,1990s,A rebellious pilot fights corporate overlords in the skies of New Tokyo.
Distant Shores,Drama,2020s,A couple battles distance and time to find their way back together.
Chill Factor,Comedy,1980s,A bumbling duo accidentally becomes international criminals.
Shadowplay,Horror,1970s,Children’s nightmares begin to seep into the waking world.
